Actual_ACCIDENT_COUNT,LSTM_ACCIDENT_COUNT
249.99999628961086,283.0764591395855
286.000002771616,281.3536168932915
299.00000643730164,281.45868104696274
334.99999701976776,294.9504892528057
325.99999937415123,281.84267081320286
240.99999864399433,264.42286559939384
296.0000019222498,282.3434267938137
295.0000004172325,286.0473833978176
266.00000447034836,289.6631293594837
314.99999871850014,282.6449297517538
301.9999950528145,304.63322900235653
308.00000408291817,277.4194508641958
289.9999928921461,258.90935066342354
286.000002771616,291.1701512634754
278.999992236495,288.9306375980377
321.9999933540821,288.8277993798256
318.000003233552,297.7606055736542
287.00000427663326,312.9091298431158
293.99999891221523,282.3678802847862
232.0000009983778,264.4712637960911
279.9999937415123,281.34980100393295
230.99999949336052,286.208922713995
258.9999939352274,276.0241391211748
266.00000447034836,277.88543455302715
310.0000070929527,285.8215463459492
269.9999945908785,276.2758765220642
236.9999926239252,255.34979367256165
264.0000014603138,276.17625001072884
298.00000493228436,272.88488644361496
302.99999655783176,282.27423200011253
289.9999928921461,282.603209361434
285.0000012665987,297.5738336890936
319.00000473856926,274.1119333654642
248.99999478459358,259.9129931628704
306.0000010728836,281.7824433594942
306.0000010728836,288.4666890501976
297.0000034272671,287.684113740921
191.00000289082527,286.7541497051716
233.00000250339508,276.19447088241577
247.00000767409801,259.27430868148804
237.9999941289425,236.37805035710335
254.00000230967999,260.58764240145683
239.99999713897705,261.7003557384014
278.999992236495,257.4962632358074
290.9999943971634,266.9729608595371
298.00000493228436,282.3686752617359
279.9999937415123,266.84624153375626
255.00000381469727,250.6433711349964
268.9999930858612,280.7420570254326
318.000003233552,277.1427034884691
298.00000493228436,286.2148691415787
286.000002771616,283.4927249699831
304.9999995678663,303.8683657795191
253.0000008046627,281.95282281935215
234.00000400841236,250.3627760708332
281.99999675154686,280.26685160398483
301.9999950528145,282.58244456350803
260.99999694526196,281.9125174880028
334.99999701976776,268.3808014392853
372.99999061226845,306.5934354662895
278.00000663101673,283.82456424832344
240.99999864399433,246.2177980542183
277.00000512599945,283.46292923390865
266.00000447034836,280.704883903265
268.0000074803829,273.74923308193684
289.9999928921461,262.93702188134193
310.999992698431,281.8507636785507
267.00000597536564,259.6092165708542
181.00000374019146,238.23095083236694
188.9999998807907,260.453068703413
212.99999625235796,249.96551018953323
221.0000003427267,245.42399767041206
202.99999710172415,234.8066989183426
299.00000643730164,234.29775467514992
248.99999478459358,242.01065284013748
275.0000021159649,220.17607033252716
206.000001616776,238.92760503292084
224.99999841302633,248.62708699703217
250.99999779462814,252.18479964137077
235.00000551342964,243.23148304224014
234.00000400841236,252.04978075623512
181.00000374019146,257.36257991194725
187.99999837577343,178.93276157975197
242.0000001490116,202.147932857275
251.99999929964542,219.08463057875633
216.0000007674098,237.50599545240402
279.9999937415123,244.66285493969917
299.00000643730164,274.70166316628456
247.9999932795763,243.8635215163231
192.99999795109034,213.0925077199936
217.00000227242708,246.36235666275024
256.00000531971455,254.51824778318405
257.9999924302101,250.5817763209343
298.00000493228436,248.60689458251
235.00000551342964,280.7511197626591
228.99999648332596,253.7992706298828
243.0000016540289,220.700087338686
254.00000230967999,255.624887496233
235.00000551342964,269.0293436348438
256.00000531971455,262.7772633135319
256.00000531971455,263.7663100361824
235.00000551342964,284.11236180365086
259.9999954402447,261.51503071188927
214.99999926239252,241.9726847410202
232.0000009983778,254.8051708638668
260.99999694526196,257.3511322438717
256.00000531971455,258.8021241724491
262.9999999552965,268.11731427907944
307.0000025779009,295.08862444758415
222.000001847744,284.5058594942093
207.00000312179327,259.697427213192
255.00000381469727,273.34864419698715
257.9999924302101,265.44628712534904
236.9999926239252,260.4848359823227
237.9999941289425,266.80245420336723
297.0000034272671,283.3100869655609
260.99999694526196,276.87648160755634
208.99999818205833,257.16399466991425
264.0000014603138,270.29386577010155
258.9999939352274,265.1900501549244
264.0000014603138,263.22582110762596
261.99999845027924,271.4964433014393
276.00000362098217,290.20937392115593
251.99999929964542,274.64499720931053
240.99999864399433,251.87682557106018
186.00000331550837,267.71521493792534
225.9999999180436,259.5932216346264
213.99999775737524,259.0136198401451
216.0000007674098,261.08259505033493
268.9999930858612,269.3772891461849
238.99999563395977,266.4716801941395
232.0000009983778,248.83530735969543
246.00000616908073,259.2096611559391
227.99999497830868,256.12868028879166
310.999992698431,257.51763221621513
247.00000767409801,277.9396678805351
281.99999675154686,292.094598159194
269.9999945908785,280.1018143892288
264.0000014603138,257.89416509866714
257.0000068247318,276.29098108410835
272.9999991059303,273.30094558000565
236.00000701844692,275.68721199035645
297.0000034272671,277.38504426181316
291.9999959021807,296.42725433409214
245.00000466406345,279.54075145721436
212.99999625235796,256.04972317814827
317.0000017285347,265.6222632229328
268.0000074803829,272.2779692411423
283.9999997615814,270.45709043741226
251.99999929964542,279.93178471922874
281.99999675154686,293.64893709123135
233.00000250339508,277.75365917384624
247.9999932795763,255.39230903983116
287.00000427663326,274.87212212383747
247.9999932795763,276.39130717515945
221.0000003427267,273.79715429246426
260.99999694526196,276.07070887088776
247.00000767409801,288.9183790534735
225.9999999180436,268.7121796309948
283.9999997615814,246.65478098392487
265.0000029653311,272.4687955081463
246.00000616908073,268.5038002729416
274.0000006109476,271.688064545393
292.99999740719795,283.04841235280037
256.00000531971455,302.0517321527004
278.00000663101673,274.3578038364649
246.00000616908073,255.1239884197712
259.9999954402447,270.77981927990913
304.9999995678663,272.42634373903275
276.00000362098217,279.52784103155136
225.9999999180436,285.98768062889576
209.99999968707561,293.430604621768
223.99999690800905,271.18188682198524
209.99999968707561,246.33271992206573
218.00000377744436,253.16367065906525
208.99999818205833,250.0094565153122
234.00000400841236,252.80774357914925
236.9999926239252,263.0235153734684
287.00000427663326,276.19994032382965
242.0000001490116,272.7637955546379
222.000001847744,253.15257278084755
255.00000381469727,263.55417838692665
236.9999926239252,265.9153553247452
272.9999991059303,268.1109862625599
287.00000427663326,275.26555621623993
311.9999942034483,296.4820918440819
257.9999924302101,283.1747818887234
268.9999930858612,255.68514674901962
301.9999950528145,277.313178345561
257.0000068247318,281.8652322590351
285.0000012665987,281.47613874077797
236.9999926239252,287.227622076869
304.9999995678663,290.6149393618107
327.0000008791685,276.23008584976196
283.9999997615814,258.8697926104069
260.99999694526196,281.7183046191931
244.00000315904617,281.85785487294197
261.99999845027924,281.80994956195354
287.00000427663326,285.39014415442944
300.9999935477972,294.42834839224815
345.99999767541885,282.46683901548386
291.9999959021807,276.94454753398895
300.0000079423189,295.2069170176983
298.00000493228436,295.40151147544384
267.00000597536564,298.5655356347561
289.0000072866678,299.96043398976326
370.0000019967556,310.3828679919243
298.00000493228436,305.87870348989964
289.9999928921461,285.73929803073406
265.0000029653311,302.27017591893673
286.000002771616,293.45287987589836
330.00000539422035,300.9445518553257
320.00000624358654,311.6868845820427
312.9999957084656,325.72760847210884
300.0000079423189,308.8678009212017
283.9999997615814,288.6996172964573
286.000002771616,301.9089701920748
269.9999945908785,303.0448332577944
274.0000006109476,306.409080311656
296.0000019222498,306.2275393754244
296.0000019222498,314.1619181185961
300.0000079423189,297.1820690482855
267.00000597536564,279.7681148648262
249.99999628961086,293.515778452158
286.000002771616,292.0420342832804
266.00000447034836,303.20683366060257
334.99999701976776,304.22720247507095
311.9999942034483,327.22407308220863
216.0000007674098,307.27606627345085
256.00000531971455,265.6457309424877
253.0000008046627,281.72323347628117
268.0000074803829,281.89553678035736
258.9999939352274,289.11885634064674
233.00000250339508,291.1056468337774
287.00000427663326,292.8165167272091
290.9999943971634,283.2990526854992
250.99999779462814,264.0015278160572
289.0000072866678,275.67177353799343
274.0000006109476,282.07504257559776
289.0000072866678,287.5947265326977
283.9999997615814,295.62324644625187
310.0000070929527,307.04778069257736
269.9999945908785,291.12671372294426
314.99999871850014,263.4150892198086
260.99999694526196,291.58248990774155
279.9999937415123,287.8890269994736
268.0000074803829,293.77374847233295
230.99999949336052,295.13707034289837
255.00000381469727,294.2814525514841
285.0000012665987,279.0905560106039
288.00000578165054,261.9212321341038
289.0000072866678,281.078872859478
271.99999760091305,283.61251209676266
240.99999864399433,286.83086498081684
262.9999999552965,288.32672540843487
266.00000447034836,294.6819619387388
229.99999798834324,281.4840408116579
245.00000466406345,258.1160908639431
274.0000006109476,273.01516726613045
228.99999648332596,274.5222686678171
278.00000663101673,276.4314694106579
262.9999999552965,288.91874474287033
268.9999930858612,296.7461195886135
245.00000466406345,280.691957578063
242.0000001490116,256.49239814281464
264.0000014603138,269.96887919306755
276.00000362098217,272.19885313510895
280.9999952465296,278.7955718636513
282.99999825656414,284.23125855624676
271.99999760091305,299.7900704294443
250.99999779462814,277.705213278532
283.9999997615814,254.48826125264168
310.999992698431,278.7031796425581
246.00000616908073,286.1147974431515
227.99999497830868,282.7493420243263
282.99999825656414,281.51639637351036
322.9999948590994,293.2260570526123
281.99999675154686,280.5109731256962
248.99999478459358,258.8555784225464
248.99999478459358,276.4355078935623
300.9999935477972,274.1011693775654
268.9999930858612,285.8836340457201
242.0000001490116,284.66254945099354
287.00000427663326,291.40635481476784
269.9999945908785,281.40058413147926
256.00000531971455,261.81502321362495
260.99999694526196,276.7605580687523
279.9999937415123,276.66698928177357
255.00000381469727,283.91197991371155
260.99999694526196,285.67407812178135
271.99999760091305,297.0457940995693
260.99999694526196,280.4533531963825
268.0000074803829,261.5682941675186
245.00000466406345,279.9099387526512
239.99999713897705,276.0755105316639
260.99999694526196,278.56218253076077
290.9999943971634,281.6702880114317
275.0000021159649,294.06086234748363
300.9999935477972,278.7764924168587
272.9999991059303,265.4775456190109
269.9999945908785,282.1195930838585
254.00000230967999,281.2741191983223
260.99999694526196,283.1734622269869
202.00000354647636,284.6288106292486
296.0000019222498,278.5419742166996
272.9999991059303,277.05334807932377
260.99999694526196,256.88254103064537
254.00000230967999,273.00127106904984
230.99999949336052,270.85944417119026
222.000001847744,275.25337716937065
236.00000701844692,275.61808079481125
244.00000315904617,277.34817323088646
253.0000008046627,266.4876115322113
248.99999478459358,250.39975839853287
233.00000250339508,262.5339367687702
223.00000335276127,259.9947167932987
257.9999924302101,266.5585870742798
310.999992698431,272.97497323155403
289.0000072866678,289.6685352027416
282.99999825656414,275.12824779748917
258.9999939352274,257.8607760667801
265.0000029653311,272.4491118788719
285.0000012665987,273.0179337859154
291.9999959021807,281.9653198570013
306.0000010728836,285.4110838472843
259.9999954402447,302.01576739549637
268.9999930858612,275.55077804625034
242.0000001490116,254.8784359395504
293.99999891221523,270.4007106721401
279.9999937415123,279.00818049907684
259.9999954402447,281.06785447895527
304.9999995678663,278.5094755589962
272.9999991059303,298.02816301584244
289.0000072866678,273.82324543595314
212.99999625235796,259.92348685860634
279.9999937415123,270.30388247966766
285.0000012665987,276.957378461957
286.000002771616,280.1147566139698
283.9999997615814,281.1258718967438
283.9999997615814,297.523766040802
257.0000068247318,278.7465694844723
278.999992236495,258.36641320586205
236.00000701844692,283.652833327651
271.99999760091305,277.2681031525135
293.99999891221523,282.19192008674145
306.0000010728836,285.1634644269943
318.000003233552,301.93867053091526
247.9999932795763,285.3714462965727
245.00000466406345,255.71685042977333
276.00000362098217,282.4731829315424
312.9999957084656,282.0736752152443
283.9999997615814,290.5659210830927
289.9999928921461,288.12837865948677
307.0000025779009,309.2657345831394
269.9999945908785,287.60456834733486
224.99999841302633,263.51964458823204
195.0000009611249,281.7069046497345
281.99999675154686,274.55128532648087
280.9999952465296,281.33819434046745
274.0000006109476,277.05670288205147
310.999992698431,288.5771272480488
281.99999675154686,283.46346981823444
285.0000012665987,261.37327042222023
291.9999959021807,291.1039455831051
272.9999991059303,288.2031700909138
251.99999929964542,285.9942789375782
314.99999871850014,282.46399299800396
340.00000454485416,303.40594358742237
285.0000012665987,284.4780035018921
262.9999999552965,258.66300320625305
282.99999825656414,287.13004660606384
261.99999845027924,283.53829304873943
291.9999959021807,283.1171937584877
299.00000643730164,286.59924049675465
279.9999937415123,299.9027822613716
354.9999953210354,275.92166659235954
247.9999932795763,268.5239608883858
282.99999825656414,282.57777009904385
274.0000006109476,284.0738849192858
257.0000068247318,282.99580077826977
232.0000009983778,278.9806583970785
296.0000019222498,280.5699445158243
238.99999563395977,274.2189690619707
237.9999941289425,249.29795214533806
278.00000663101673,271.48849353194237
237.9999941289425,273.1392790675163
267.00000597536564,270.8759160935879
242.0000001490116,277.2892177402973
217.00000227242708,279.3126884698868
297.0000034272671,256.66357257962227
233.00000250339508,248.9581471979618
306.0000010728836,264.1057651937008
266.00000447034836,274.4619458168745
272.9999991059303,269.0792045891285
280.9999952465296,274.5205356180668
327.0000008791685,287.88234919309616
281.99999675154686,273.8290010690689
276.00000362098217,247.61539933085442
316.0000002235174,277.90427550673485
360.0000028461218,283.0122568011284
295.0000004172325,296.44806683063507
197.00000397115946,287.0824910849333
222.000001847744,285.20909610390663
211.0000011920929,262.0372351706028
208.99999818205833,234.16578850150108
265.0000029653311,256.42348954081535
228.99999648332596,262.10601657629013
238.99999563395977,252.40287771821022
270.99999609589577,257.1984648704529
330.00000539422035,273.8259960561991
260.99999694526196,267.5504957139492
259.9999954402447,247.34555235505104
270.99999609589577,284.69196359813213
259.9999954402447,276.92492750287056
222.000001847744,273.73764231801033
268.9999930858612,266.32680359482765
276.00000362098217,285.90444654226303
272.9999991059303,263.1916688978672
216.0000007674098,242.04343768954277
295.0000004172325,271.35010394454
312.9999957084656,276.7448652237654
264.0000014603138,278.10079380869865
278.999992236495,264.59664756059647
309.00000558793545,291.6602704524994
238.99999563395977,267.4532859325409
238.99999563395977,234.56378576159477
297.0000034272671,268.82245883345604
270.99999609589577,271.4220652580261
282.99999825656414,262.0984165966511
283.9999997615814,263.3737504184246
322.9999948590994,279.7799441218376
218.00000377744436,259.75886303186417
216.0000007674098,232.63816079497337
155.0000003837049,265.2702474296093
187.99999837577343,246.40878331661224
234.00000400841236,241.67860686779022
271.99999760091305,234.57288029789925
262.9999999552965,246.43123346567154
227.99999497830868,236.06931310892105
186.00000331550837,220.90550938248634
247.00000767409801,247.77725663781166
257.0000068247318,239.7976596057415
238.99999563395977,242.09018233418465
219.99999883770943,228.78869161009789
251.99999929964542,233.37090694904327
234.00000400841236,241.58486318588257
181.99999729543924,196.47109785676003
236.9999926239252,208.94190126657486
278.999992236495,227.57444381713867
230.99999949336052,245.3748680949211
289.9999928921461,249.9395303428173
299.00000643730164,291.64798010885715
256.00000531971455,254.76325967907906
218.99999733269215,220.816122174263
197.99999752640724,253.9850408434868
276.00000362098217,265.7007751464844
255.00000381469727,262.6845372021198
225.9999999180436,257.2376095354557
251.99999929964542,271.37837332487106
209.99999968707561,257.94466203451157
233.00000250339508,219.99147668480873
244.00000315904617,247.84670582413673
224.99999841302633,260.07485046982765
259.9999954402447,259.0232549607754
251.99999929964542,265.49684765934944
267.00000597536564,287.37758652865887
243.0000016540289,270.7500553429127
250.99999779462814,247.0121708214283
257.0000068247318,258.29861757159233
205.0000001117587,266.576076567173
245.00000466406345,261.3991230726242
221.0000003427267,269.19845113158226
255.00000381469727,278.2280219197273
242.0000001490116,266.1296175122261
242.0000001490116,247.51326069235802
257.9999924302101,264.10404804348946
253.0000008046627,257.3745681643486
247.9999932795763,256.10705691576004
245.00000466406345,266.23681220412254
289.9999928921461,279.0264013707638
196.00000246614218,270.0572170317173
187.99999837577343,239.0808765888214
247.9999932795763,249.01424077153206
181.99999729543924,243.14692929387093
290.9999943971634,238.0775838792324
244.00000315904617,258.84689727425575
281.99999675154686,275.79728449881077
251.99999929964542,268.3374592959881
212.99999625235796,249.7744931280613
174.00000115484,258.2548302412033
230.99999949336052,250.4456126689911
212.99999625235796,252.6727246940136
236.00000701844692,253.9486308991909
218.99999733269215,266.5926120877266
212.00000269711018,252.333778321743
236.9999926239252,230.77552980184555
237.9999941289425,244.8381950557232
274.0000006109476,249.23072889447212
203.99999860674143,262.7906189262867
253.0000008046627,265.36968314647675
309.00000558793545,284.35815277695656
235.00000551342964,269.6669787466526
227.99999497830868,244.5479966700077
251.99999929964542,257.35841423273087
260.99999694526196,258.9318962097168
281.99999675154686,261.5307076573372
223.99999690800905,272.6557104885578
311.9999942034483,283.3861821591854
270.99999609589577,279.33698296546936
227.99999497830868,259.30213287472725
260.99999694526196,271.3568453490734
268.0000074803829,268.2567532360554
247.9999932795763,264.18535828590393
277.00000512599945,266.325849622488
276.00000362098217,285.76720172166824
260.99999694526196,270.5098451077938
249.99999628961086,256.25714856386185
257.9999924302101,276.1763136088848
201.00000204145908,270.82828107476234
246.00000616908073,261.08249965310097
247.9999932795763,266.41192972660065
242.0000001490116,274.3598230779171
229.99999798834324,265.7700335383415
278.999992236495,250.2152919471264
287.00000427663326,268.1018917262554
240.99999864399433,268.60994559526443
200.0000005364418,270.67993837594986
268.9999930858612,272.65361174941063
229.99999798834324,284.1034739613533
251.99999929964542,262.53330078721046
236.00000701844692,245.1778410077095
223.00000335276127,256.9200639426708
264.0000014603138,252.8434857428074
251.99999929964542,264.4319601356983
254.00000230967999,273.7426824718714
232.0000009983778,287.214775249362
223.99999690800905,264.44684210419655
244.00000315904617,239.59684842824936
240.99999864399433,253.40617042779922
289.0000072866678,254.31365251541138
229.99999798834324,266.5711795091629
229.99999798834324,268.15773090720177
292.99999740719795,278.3095865547657
225.9999999180436,267.78148421645164
236.9999926239252,241.97789978981018
278.999992236495,257.2922721505165
257.0000068247318,264.04789087176323
245.00000466406345,268.5200496017933
232.0000009983778,272.0236084163189
267.00000597536564,281.2371686697006
262.9999999552965,266.34225794672966
227.0000014230609,248.05988684296608
206.000001616776,257.61582776904106
170.00000308454037,255.40076759457588
224.99999841302633,254.31521067023277
250.99999779462814,258.34475803375244
248.99999478459358,269.57479321956635
197.00000397115946,264.8640778064728
209.99999968707561,238.7571937739849
247.00000767409801,244.43313840031624
196.00000246614218,246.6221869289875
257.0000068247318,249.3114985525608
251.99999929964542,261.4816416800022
265.0000029653311,278.4125201702118
235.00000551342964,265.6516773700714
249.99999628961086,243.66503167152405
268.9999930858612,255.98447147011757
280.9999952465296,260.0434965789318
257.9999924302101,268.45177698135376
255.00000381469727,272.48100635409355
282.99999825656414,284.0738054215908
249.99999628961086,267.1190458238125
275.0000021159649,241.33606719970703
267.00000597536564,263.5169734656811
268.0000074803829,265.00367575883865
277.00000512599945,269.80867543816566
258.9999939352274,275.0518664121628
251.99999929964542,285.01842883229256
265.0000029653311,267.30020517110825
247.9999932795763,251.23181307315826
265.0000029653311,265.6161577999592
290.9999943971634,269.2811923325062
282.99999825656414,274.602450042963
261.99999845027924,281.8719259649515
335.99999852478504,297.2442044466734
240.99999864399433,292.0725931972265
239.99999713897705,268.7691635787487
192.99999795109034,283.73398457467556
266.00000447034836,272.472102612257
290.9999943971634,277.5356287956238
266.00000447034836,283.46238864958286
289.0000072866678,298.75051087141037
261.99999845027924,289.6338265091181
234.00000400841236,268.6030133962631
256.00000531971455,280.3804220110178
298.00000493228436,282.18389081954956
258.9999939352274,289.6046349555254
278.999992236495,288.4102138876915
285.0000012665987,305.0854436904192
281.99999675154686,287.66576567292213
256.00000531971455,268.28591299057007
250.99999779462814,283.6771914213896
257.0000068247318,283.76630833745
248.99999478459358,286.5568205267191
245.00000466406345,287.5934227705002
292.99999740719795,294.96918711066246
288.00000578165054,288.4677384197712
251.99999929964542,272.21173176169395
238.99999563395977,279.7116874009371
265.0000029653311,275.5369772464037
219.99999883770943,281.8168181627989
310.999992698431,279.7725667357445
302.99999655783176,299.0070499330759
260.99999694526196,287.7715612053871
251.99999929964542,267.3761095702648
280.9999952465296,281.0628461241722
248.99999478459358,279.8006453216076
289.0000072866678,281.37792728841305
278.999992236495,290.6419526785612
309.00000558793545,300.8468014895916
212.00000269711018,288.65893037617207
248.99999478459358,253.60310211777687
247.00000767409801,269.05920296907425
251.99999929964542,267.7037036716938
257.9999924302101,274.176914781332
202.99999710172415,278.442983686924
254.00000230967999,274.66786074638367
212.00000269711018,265.43471226096153
201.00000204145908,240.01087242364883
237.9999941289425,245.52053967118263
258.9999939352274,250.26903238892555
240.99999864399433,261.2967300415039
267.00000597536564,264.61553621292114
247.00000767409801,282.3033917546272
255.00000381469727,262.3064461648464
229.99999798834324,244.07390421628952
268.0000074803829,255.53785341978073
266.00000447034836,262.0310025513172
260.99999694526196,266.30622959136963
240.99999864399433,271.17024835944176
238.99999563395977,280.92916280031204
237.9999941289425,261.8376641571522
230.99999949336052,239.2111892104149
222.000001847744,253.6141045987606
225.9999999180436,252.74246007204056
193.99999945610762,255.87387427687645
253.0000008046627,252.92358762025833
274.0000006109476,267.3506067097187
237.9999941289425,261.21249428391457
245.00000466406345,243.27199506759644
234.00000400841236,260.4378051459789
255.00000381469727,256.9469977617264
244.00000315904617,265.53522914648056
248.99999478459358,267.20248660445213
264.0000014603138,278.6610776633024
276.00000362098217,266.76445430517197
230.99999949336052,252.43664833903313
219.99999883770943,263.62842923402786
268.0000074803829,258.51570987701416
223.99999690800905,268.2793941795826
235.00000551342964,264.5936902463436
250.99999779462814,271.96900939941406
289.9999928921461,262.0356134176254
247.00000767409801,249.64942735433578
242.0000001490116,260.1762895286083
240.99999864399433,260.31003645062447
247.00000767409801,265.41582360863686
236.00000701844692,267.7658390700817
285.0000012665987,271.0816879272461
232.0000009983778,266.73376819491386
272.9999991059303,245.27009013295174
233.00000250339508,264.47549307346344
247.00000767409801,258.88251224160194
235.00000551342964,267.49363896250725
223.00000335276127,267.5887500047684
246.00000616908073,268.78840202093124
236.9999926239252,259.67227414250374
235.00000551342964,242.17607164382935
235.00000551342964,252.87299528717995
228.99999648332596,251.79052287340164
258.9999939352274,258.6798567175865
224.99999841302633,265.33613511919975
285.0000012665987,266.3325592279434
238.99999563395977,262.8494790196419
238.99999563395977,240.02915689349174
236.9999926239252,256.2871986925602
233.00000250339508,255.24708265066147
268.9999930858612,261.07346871495247
281.99999675154686,268.61144015192986
259.9999954402447,281.6480604559183
235.00000551342964,263.352063447237
217.00000227242708,241.65090987086296
290.9999943971634,253.36588099598885
299.00000643730164,262.83634600043297
291.9999959021807,270.41228553652763
257.0000068247318,274.14042533934116
346.99999918043613,286.7296326160431
285.0000012665987,280.84147684276104
264.0000014603138,254.20944693684578
303.99999806284904,277.145565405488
245.00000466406345,282.03379917144775
240.99999864399433,275.2364600598812
281.99999675154686,273.00979322195053
265.0000029653311,285.18014304339886
250.99999779462814,263.3902223408222
236.9999926239252,245.54372119903564
258.9999939352274,267.4207872748375
248.99999478459358,266.3070563673973
209.99999968707561,267.45001062750816
254.00000230967999,261.56921634078026
261.99999845027924,274.45642867684364
257.0000068247318,261.30744633078575
268.0000074803829,247.31865033507347
247.9999932795763,270.7200370132923
229.99999798834324,265.3176916539669
181.99999729543924,266.4404534995556
212.99999625235796,261.70614317059517
244.00000315904617,265.9704313278198
289.0000072866678,256.1852508485317
242.0000001490116,247.5635986328125
234.00000400841236,262.6392553150654
251.99999929964542,257.2714437544346
272.9999991059303,266.52023738622665
308.00000408291817,272.399823307991
296.0000019222498,288.8270044028759
236.9999926239252,272.4306366145611
214.99999926239252,244.49870809912682
202.00000354647636,259.0535912811756
287.00000427663326,255.26794284582138
298.00000493228436,267.42323580384254
258.9999939352274,268.8514595925808
236.9999926239252,277.20433010160923
242.0000001490116,261.0174705386162
238.99999563395977,243.83840024471283
256.00000531971455,262.6732485294342
251.99999929964542,264.9527018368244
261.99999845027924,264.1941984295845
240.99999864399433,263.991765499115
278.00000663101673,269.1596880555153
247.00000767409801,259.58399990200996
245.00000466406345,239.50345453619957
292.99999740719795,264.74991911649704
243.0000016540289,269.5798810720444
209.99999968707561,265.16880837082863
288.00000578165054,261.061734855175
277.00000512599945,281.7438233792782
223.00000335276127,261.41607198119164
240.99999864399433,237.69348281621933
232.0000009983778,261.72013476490974
218.00000377744436,256.6162555515766
287.00000427663326,256.7935036122799
229.99999798834324,267.49465653300285
281.99999675154686,266.75081250071526
249.99999628961086,262.63416746258736
235.00000551342964,240.19502088427544
200.0000005364418,260.8265170753002
262.9999999552965,250.43791729211807
228.99999648332596,258.5996912419796
235.00000551342964,251.3629842698574
257.9999924302101,259.0461820960045
236.00000701844692,249.12207144498825
212.99999625235796,229.6877469420433
290.9999943971634,248.16825810074806
255.00000381469727,253.7848656475544
250.99999779462814,251.53457209467888
334.99999701976776,253.6693395972252
327.0000008791685,289.20158164203167
224.99999841302633,263.52142533659935
217.00000227242708,233.08913531899452
232.0000009983778,258.87373569607735
257.0000068247318,255.26053366065025
268.9999930858612,256.4729371070862
206.000001616776,251.658047914505
191.99999644607306,250.1574812233448
192.99999795109034,234.30481407046318
181.00000374019146,215.2574207484722
266.00000447034836,232.01400849223137
257.9999924302101,241.6245166361332
272.9999991059303,239.44281369447708
262.9999999552965,249.8709715306759
264.0000014603138,271.3972937762737
211.0000011920929,250.43276584148407
218.00000377744436,229.1507877111435
282.99999825656414,258.0559270083904
250.99999779462814,262.6219248175621
281.99999675154686,250.83232125639915
278.999992236495,260.5000041425228
310.0000070929527,284.1756260693073
234.00000400841236,263.55700850486755
212.00000269711018,231.81723579764366
329.0000038892031,262.94468545913696
279.9999937415123,274.7543860375881
283.9999997615814,258.0479772388935
268.9999930858612,259.28947684168816
265.0000029653311,284.68934017419815
285.0000012665987,253.12185487151146
185.00000181049109,235.05021625757217
214.99999926239252,259.20594066381454
217.00000227242708,256.2549544274807
148.9999993033707,242.78270265460014
217.00000227242708,221.9661994278431
209.99999968707561,235.06500282883644
238.99999563395977,220.18767699599266
211.0000011920929,213.7176457941532
234.00000400841236,244.56507277488708
230.99999949336052,234.80889305472374
185.00000181049109,234.05490511655807
200.0000005364418,228.82755008339882
209.99999968707561,216.58026239275932
170.00000308454037,206.98285546898842
170.99999663978815,143.90439182519913
217.00000227242708,154.78314259648323
176.99999772012234,171.32238364219666
208.99999818205833,189.82979682087898
217.00000227242708,205.45176166296005
213.99999775737524,227.09834802150726
184.0000003054738,203.12632688879967
187.99999837577343,178.69395050406456
205.0000001117587,198.81790161132812
225.9999999180436,211.56828251481056
246.00000616908073,217.88431078195572
217.00000227242708,227.25187397003174
272.9999991059303,247.34008291363716
217.00000227242708,234.2681497335434
258.9999939352274,206.42802515625954
216.0000007674098,234.28214132785797
218.99999733269215,245.46428710222244
187.99999837577343,242.83424896001816
209.99999968707561,235.90631103515625
253.0000008046627,245.06094759702682
182.99999880045652,230.8076786696911
165.99999706447124,201.08336332440376
212.00000269711018,214.72090670466423
192.99999795109034,219.4736286997795
147.0000002682209,223.65988191962242
211.0000011920929,224.38222977519035
250.99999779462814,239.8536259829998
209.99999968707561,234.26881751418114
188.9999998807907,225.32370507717133
266.00000447034836,232.92947214841843
218.00000377744436,236.67250981926918
233.00000250339508,233.96653547883034
202.99999710172415,244.44290071725845
228.99999648332596,254.57570871710777
237.9999941289425,240.4272495508194
188.9999998807907,222.04684188961983
224.99999841302633,231.17330446839333
197.99999752640724,223.32863092422485
186.99999687075615,226.3747918009758
232.0000009983778,231.2275536954403
261.99999845027924,244.27417480945587
208.99999818205833,234.26268029212952
186.99999687075615,214.8778033554554
191.00000289082527,223.26754489541054
196.00000246614218,220.78060260415077
186.99999687075615,224.08223727345467
209.99999968707561,228.10144993662834
229.99999798834324,240.51148530840874
166.99999856948853,238.07023829221725
187.99999837577343,220.35583052039146
205.0000001117587,229.14684462547302
212.99999625235796,222.21849331259727
214.99999926239252,230.47302517294884
208.99999818205833,239.2944391965866
281.99999675154686,252.9881397485733
195.0000009611249,245.64061298966408
192.99999795109034,220.39863207936287
228.99999648332596,229.28164091706276
195.0000009611249,232.36208119988441
244.00000315904617,233.66120073199272
229.99999798834324,241.87639713287354
264.0000014603138,253.86000686883926
216.0000007674098,245.50610288977623
201.00000204145908,221.60467571020126
221.0000003427267,229.86127451062202
227.99999497830868,230.45884278416634
203.99999860674143,233.31920164823532
257.0000068247318,235.9856497347355
275.0000021159649,256.7775086760521
227.99999497830868,249.2957580089569
224.99999841302633,232.15408343076706
207.00000312179327,246.53496205806732
251.99999929964542,241.44065436720848
236.9999926239252,244.1877131164074
248.99999478459358,248.99999478459358
258.9999939352274,266.94475507736206
207.99999667704105,259.2135406434536
174.00000115484,241.19370272755623
222.000001847744,243.95774218440056
245.00000466406345,238.2168638408184
186.00000331550837,244.54615232348442
236.9999926239252,245.82895892858505
242.0000001490116,264.3260692059994
232.0000009983778,251.9887265264988
191.00000289082527,237.35987868905067
190.000001385808,240.9577535688877
249.99999628961086,239.14126303792
228.99999648332596,248.26063442230225
206.000001616776,253.16446563601494
214.99999926239252,265.19561499357224
175.00000265985727,251.19117385149002
193.99999945610762,223.7336875796318
143.9999997280538,229.7618069946766
