Actual_ACCIDENT_COUNT,Predicted_ACCIDENT_COUNT
328.0000023841858,304.15501856803894
328.0000023841858,290.79966020584106
246.00000616908073,275.16751965880394
323.99999636411667,304.67029082775116
269.9999945908785,283.9780901968479
244.00000315904617,305.36252495646477
335.99999852478504,292.34665355086327
322.9999948590994,286.1193765103817
304.9999995678663,300.0521107316017
243.0000016540289,273.30275812745094
216.0000007674098,296.1271823346615
278.00000663101673,283.6474751830101
314.99999871850014,251.9990294277668
303.99999806284904,293.3527127802372
346.99999918043613,317.5215702056885
275.0000021159649,285.28026244044304
247.9999932795763,279.7534872889519
262.9999999552965,283.3059848845005
249.99999628961086,285.54877385497093
286.000002771616,277.21379032731056
299.00000643730164,280.6194397807121
334.99999701976776,303.0266918838024
325.99999937415123,282.36002591252327
240.99999864399433,274.7170857191086
296.0000019222498,304.51997658610344
295.0000004172325,281.3230897784233
266.00000447034836,291.7579890191555
314.99999871850014,303.4878421127796
301.9999950528145,294.80694821476936
308.00000408291817,289.5690040886402
289.9999928921461,264.6346792578697
286.000002771616,297.6993605494499
278.999992236495,304.1711724996567
321.9999933540821,287.0491179525852
318.000003233552,290.75084862113
287.00000427663326,316.49023070931435
293.99999891221523,284.4604822099209
232.0000009983778,251.6673332452774
279.9999937415123,293.2488251924515
230.99999949336052,280.8302994668484
258.9999939352274,280.12315157055855
266.00000447034836,267.2495492398739
310.0000070929527,284.3059068918228
269.9999945908785,260.0293777883053
236.9999926239252,255.43609637022018
264.0000014603138,278.39948254823685
298.00000493228436,277.6389440000057
302.99999655783176,267.1499227285385
289.9999928921461,294.2472208440304
285.0000012665987,302.2831022441387
319.00000473856926,268.7363469302654
248.99999478459358,248.2855331003666
306.0000010728836,299.347284168005
306.0000010728836,283.65507516264915
297.0000034272671,287.1239411830902
191.00000289082527,298.7671417891979
233.00000250339508,298.81712993979454
247.00000767409801,226.0624294579029
237.9999941289425,228.37485840916634
254.00000230967999,266.77688774466515
239.99999713897705,274.6861452162266
278.999992236495,259.4518429338932
290.9999943971634,261.2573309838772
298.00000493228436,281.3999481499195
279.9999937415123,253.51934334635735
255.00000381469727,238.98915214836597
268.9999930858612,279.5702610015869
318.000003233552,281.5475276708603
298.00000493228436,256.01086470484734
286.000002771616,288.6702031493187
304.9999995678663,285.41254660487175
253.0000008046627,253.9827195107937
234.00000400841236,241.66103787720203
281.99999675154686,269.81649801135063
301.9999950528145,275.5527654886246
260.99999694526196,265.01938450336456
334.99999701976776,283.62855473160744
372.99999061226845,268.06335124373436
278.00000663101673,269.7920763194561
240.99999864399433,262.91482612490654
277.00000512599945,283.6464258134365
266.00000447034836,281.0695557296276
268.0000074803829,263.2345340549946
289.9999928921461,265.05216935276985
310.999992698431,270.5287019610405
267.00000597536564,253.0320224761963
181.00000374019146,242.29061192274094
188.9999998807907,275.15403684973717
212.99999625235796,247.83668911457062
221.0000003427267,218.55072405934334
202.99999710172415,237.06056986749172
299.00000643730164,243.64445766806602
248.99999478459358,215.36876522004604
275.0000021159649,233.48592421412468
206.000001616776,257.86138024926186
224.99999841302633,272.50297951698303
250.99999779462814,218.96468445658684
235.00000551342964,237.89489817619324
234.00000400841236,255.95623388886452
181.00000374019146,223.67816638946533
187.99999837577343,205.89691695570946
242.0000001490116,227.32100516557693
251.99999929964542,245.9033687710762
216.0000007674098,246.22180473804474
279.9999937415123,263.1037762463093
299.00000643730164,247.22516104578972
247.9999932795763,246.98393324017525
192.99999795109034,229.34431689977646
217.00000227242708,256.44743424654007
256.00000531971455,246.95804879069328
257.9999924302101,236.58665230870247
298.00000493228436,267.1973669528961
235.00000551342964,271.9495165646076
228.99999648332596,255.29379549622536
243.0000016540289,207.16287004947662
254.00000230967999,243.24999010562897
235.00000551342964,274.93017134070396
256.00000531971455,263.09531769156456
256.00000531971455,264.2630434334278
235.00000551342964,276.9008873999119
259.9999954402447,240.1685481518507
214.99999926239252,203.4666883200407
232.0000009983778,264.37465819716454
260.99999694526196,265.4840008318424
256.00000531971455,248.6775521337986
262.9999999552965,275.7190428674221
307.0000025779009,276.799957126379
222.000001847744,244.33201733231544
207.00000312179327,236.5352490991354
255.00000381469727,238.06694708764553
257.9999924302101,251.23279884457588
236.9999926239252,259.0693954229355
237.9999941289425,273.8169492185116
297.0000034272671,267.36959075927734
260.99999694526196,235.31419630348682
208.99999818205833,233.6068720072508
264.0000014603138,247.7364266216755
258.9999939352274,239.3205303400755
264.0000014603138,249.97263318300247
261.99999845027924,257.7980364859104
276.00000362098217,265.2603897154331
251.99999929964542,236.63315846025944
240.99999864399433,225.24474796652794
186.00000331550837,244.34403738379478
225.9999999180436,255.54602578282356
213.99999775737524,200.68226565420628
216.0000007674098,235.61892686784267
268.9999930858612,235.34998616576195
238.99999563395977,216.19069188833237
232.0000009983778,225.17350213229656
246.00000616908073,239.92436303198338
227.99999497830868,248.26778921484947
310.999992698431,229.66992355883121
247.00000767409801,227.46259056031704
281.99999675154686,286.39774563908577
269.9999945908785,235.4836853891611
264.0000014603138,237.23198279738426
257.0000068247318,257.69195476174355
272.9999991059303,267.53694930672646
236.00000701844692,245.38256347179413
297.0000034272671,264.47027802467346
291.9999959021807,246.54898545145988
245.00000466406345,261.0258654952049
212.99999625235796,241.6647583693266
317.0000017285347,247.5764772593975
268.0000074803829,243.48905557394028
283.9999997615814,280.21161660552025
251.99999929964542,262.97801089286804
281.99999675154686,278.0495972931385
233.00000250339508,241.14301499724388
247.9999932795763,238.3225957751274
287.00000427663326,242.95670720934868
247.9999932795763,264.01074954867363
221.0000003427267,265.90403485298157
260.99999694526196,252.32878586649895
247.00000767409801,239.71522049605846
225.9999999180436,244.4100522696972
283.9999997615814,222.83025987446308
265.0000029653311,236.44567109644413
246.00000616908073,277.91686794161797
274.0000006109476,250.71094417572021
292.99999740719795,248.84405210614204
256.00000531971455,270.53916385769844
278.00000663101673,259.6246391236782
246.00000616908073,227.32738088071346
259.9999954402447,265.92270091176033
304.9999995678663,262.42989018559456
276.00000362098217,255.7530377805233
225.9999999180436,291.25928407907486
209.99999968707561,280.5235019624233
223.99999690800905,234.60735049843788
209.99999968707561,213.8990118354559
218.00000377744436,237.6138738244772
208.99999818205833,241.62456433475018
234.00000400841236,228.84521447122097
236.9999926239252,230.46661765873432
287.00000427663326,248.38544580340385
242.0000001490116,235.99704970419407
222.000001847744,244.70680126547813
255.00000381469727,243.27317163348198
236.9999926239252,244.84620842337608
272.9999991059303,249.04295533895493
287.00000427663326,247.89198771119118
311.9999942034483,273.1008975803852
257.9999924302101,261.8773494064808
268.9999930858612,255.4718703329563
301.9999950528145,254.89408108592033
257.0000068247318,273.7550046145916
285.0000012665987,279.1489232182503
236.9999926239252,265.242645829916
304.9999995678663,284.9262751042843
327.0000008791685,239.8102997392416
283.9999997615814,254.01499557495117
260.99999694526196,288.6369095146656
244.00000315904617,283.6910081207752
261.99999845027924,263.3023296892643
287.00000427663326,261.838045746088
300.9999935477972,275.47336319088936
345.99999767541885,267.9641381204128
291.9999959021807,258.0317597091198
300.0000079423189,296.69104358553886
298.00000493228436,286.6796444654465
267.00000597536564,282.8035912513733
289.0000072866678,292.78099715709686
370.0000019967556,282.9480544626713
298.00000493228436,271.0976192653179
289.9999928921461,281.104661911726
265.0000029653311,281.03101524710655
286.000002771616,292.597452878952
330.00000539422035,270.28973188996315
320.00000624358654,290.67821952700615
312.9999957084656,317.3835940063
300.0000079423189,288.0173680782318
283.9999997615814,265.3279627561569
286.000002771616,285.9189787209034
269.9999945908785,292.30986201763153
274.0000006109476,283.16428819298744
296.0000019222498,283.89283686876297
296.0000019222498,290.1183649599552
300.0000079423189,276.5436565577984
267.00000597536564,258.1863032281399
249.99999628961086,283.8246914446354
286.000002771616,281.97633823752403
266.00000447034836,262.3367188870907
334.99999701976776,291.4169757068157
311.9999942034483,285.6967031657696
216.0000007674098,297.5092656612396
256.00000531971455,268.5443122982979
253.0000008046627,245.8994892835617
268.0000074803829,279.8524778187275
258.9999939352274,268.9068535864353
233.00000250339508,286.79733285307884
287.00000427663326,286.7858533859253
290.9999943971634,250.57926419377327
250.99999779462814,257.44334957003593
289.0000072866678,278.76469495892525
274.0000006109476,274.7885382473469
289.0000072866678,287.2645885050297
283.9999997615814,289.6178474724293
310.0000070929527,300.64602211117744
269.9999945908785,274.4372220337391
314.99999871850014,266.53257542848587
260.99999694526196,273.50061199069023
279.9999937415123,308.58606109023094
268.0000074803829,273.9456718862057
230.99999949336052,293.6449463069439
255.00000381469727,290.97274258732796
285.0000012665987,248.90675988793373
288.00000578165054,244.66495367884636
289.0000072866678,276.1279154121876
271.99999760091305,291.9628068804741
240.99999864399433,285.4113382399082
262.9999999552965,287.0527430474758
266.00000447034836,272.9572929441929
229.99999798834324,261.86841386556625
245.00000466406345,248.16698613762856
274.0000006109476,253.11460468173027
228.99999648332596,273.4519276022911
278.00000663101673,279.7696730196476
262.9999999552965,264.6651745736599
268.9999930858612,293.7767852842808
245.00000466406345,264.45272493362427
242.0000001490116,251.80511865019798
264.0000014603138,257.9257415831089
276.00000362098217,268.95067271590233
280.9999952465296,271.72587364912033
282.99999825656414,287.8030104935169
271.99999760091305,294.0025905370712
250.99999779462814,271.8242917954922
283.9999997615814,252.31072399020195
310.999992698431,260.8497940003872
246.00000616908073,289.37875020504
227.99999497830868,295.478544741869
282.99999825656414,272.6286176741123
322.9999948590994,265.7058311998844
281.99999675154686,270.3690705895424
248.99999478459358,269.5228017270565
248.99999478459358,274.20696491003036
300.9999935477972,271.77245929837227
268.9999930858612,261.16533625125885
242.0000001490116,296.4601822793484
287.00000427663326,286.71557742357254
269.9999945908785,253.65569779276848
256.00000531971455,256.72087451815605
260.99999694526196,267.24961283802986
279.9999937415123,272.5559885799885
255.00000381469727,267.2695826590061
260.99999694526196,288.1207786798477
271.99999760091305,279.8609999716282
260.99999694526196,265.43725618720055
268.0000074803829,254.51077499985695
245.00000466406345,264.56418070197105
239.99999713897705,280.0388840138912
260.99999694526196,259.7651910483837
290.9999943971634,265.45792558789253
275.0000021159649,280.1098595559597
300.9999935477972,275.3069586157799
272.9999991059303,254.7794136106968
269.9999945908785,281.61780363321304
254.00000230967999,281.2653744518757
260.99999694526196,271.0293148458004
202.00000354647636,273.2937907874584
296.0000019222498,282.4282985329628
272.9999991059303,237.37235982716084
260.99999694526196,260.2999243438244
254.00000230967999,266.7547555863857
230.99999949336052,274.2515154182911
222.000001847744,262.22593089938164
236.00000701844692,258.02590867877007
244.00000315904617,256.73353055119514
253.0000008046627,250.34134349226952
248.99999478459358,240.19490958750248
233.00000250339508,255.387602776289
223.00000335276127,265.13166704773903
257.9999924302101,248.66063502430916
310.999992698431,250.44729802012444
289.0000072866678,272.7201990187168
282.99999825656414,279.3479536473751
258.9999939352274,258.5352663099766
265.0000029653311,271.60688149929047
285.0000012665987,273.9907629787922
291.9999959021807,266.6861967742443
306.0000010728836,287.35235396027565
259.9999954402447,295.97092166543007
268.9999930858612,281.8554699420929
242.0000001490116,249.06502389907837
293.99999891221523,268.53334161639214
279.9999937415123,269.10566142201424
259.9999954402447,282.80390924215317
304.9999995678663,285.30989918112755
272.9999991059303,280.88861897587776
289.0000072866678,281.2810513973236
212.99999625235796,253.2610076367855
279.9999937415123,277.4045211970806
285.0000012665987,255.74225789308548
286.000002771616,274.599874317646
283.9999997615814,287.0430125296116
283.9999997615814,293.5688193142414
257.0000068247318,272.3364795446396
278.999992236495,256.12791711091995
236.00000701844692,262.6587799489498
271.99999760091305,283.9522693455219
293.99999891221523,253.26711305975914
306.0000010728836,281.60432082414627
318.000003233552,297.76451686024666
247.9999932795763,280.96191585063934
245.00000466406345,267.6654811799526
276.00000362098217,259.1673365831375
312.9999957084656,273.72574946284294
283.9999997615814,272.993098706007
289.9999928921461,302.70393124222755
307.0000025779009,293.8095065355301
269.9999945908785,274.2478903234005
224.99999841302633,263.94416227936745
195.0000009611249,273.95502081513405
281.99999675154686,266.12996730208397
280.9999952465296,233.1709225475788
274.0000006109476,285.03470996022224
310.999992698431,289.7702286541462
281.99999675154686,265.5981277227402
285.0000012665987,262.7700131237507
291.9999959021807,275.79574224352837
272.9999991059303,290.2956448197365
251.99999929964542,281.6716076731682
314.99999871850014,282.4621009528637
340.00000454485416,276.95901611447334
285.0000012665987,282.8314790427685
262.9999999552965,272.8463141620159
282.99999825656414,280.67817267775536
261.99999845027924,285.12082186341286
291.9999959021807,279.71561458706856
299.00000643730164,279.30146339535713
279.9999937415123,300.399579256773
354.9999953210354,278.0470851659775
247.9999932795763,253.93234977126122
282.99999825656414,309.8880743384361
274.0000006109476,279.2857864499092
257.0000068247318,280.0432722866535
232.0000009983778,285.218508630991
296.0000019222498,277.1143228113651
238.99999563395977,244.366678327322
237.9999941289425,249.568912088871
278.00000663101673,261.5278139412403
237.9999941289425,274.5859781205654
267.00000597536564,270.2990808188915
242.0000001490116,259.47540605068207
217.00000227242708,277.5651701390743
297.0000034272671,245.6657978594303
233.00000250339508,220.5262258797884
306.0000010728836,284.07081630825996
266.00000447034836,269.2453229725361
272.9999991059303,279.60940566658974
280.9999952465296,271.63604125380516
327.0000008791685,279.61481150984764
281.99999675154686,260.3708044886589
276.00000362098217,257.9329281747341
316.0000002235174,279.87600913643837
360.0000028461218,291.2673928439617
295.0000004172325,288.0166366994381
197.00000397115946,317.0444250404835
222.000001847744,293.7178615927696
211.0000011920929,227.31655329465866
208.99999818205833,222.92813743650913
265.0000029653311,248.78446063399315
228.99999648332596,259.98301473259926
238.99999563395977,260.63012596964836
270.99999609589577,250.34827569127083
330.00000539422035,257.87015679478645
260.99999694526196,252.2206054031849
259.9999954402447,246.77857479453087
270.99999609589577,267.58833661675453
259.9999954402447,279.84382846951485
222.000001847744,252.89703539013863
268.9999930858612,257.58822616934776
276.00000362098217,243.2777507007122
272.9999991059303,242.22898530960083
216.0000007674098,229.471878901124
295.0000004172325,272.3086553514004
312.9999957084656,259.79654493927956
264.0000014603138,262.3846082985401
278.999992236495,281.1711855828762
309.00000558793545,265.23914793133736
238.99999563395977,248.33615723252296
238.99999563395977,241.07052899897099
297.0000034272671,260.6171519458294
270.99999609589577,273.6399555504322
282.99999825656414,264.9857728779316
283.9999997615814,260.0989223718643
322.9999948590994,269.9942866563797
218.00000377744436,247.14044830203056
216.0000007674098,244.13231912255287
155.0000003837049,250.91022899746895
187.99999837577343,260.35239282250404
234.00000400841236,198.5002129226923
271.99999760091305,219.19219096004963
262.9999999552965,244.10986897349358
227.99999497830868,240.0718312561512
186.00000331550837,219.9067003428936
247.00000767409801,245.1958710849285
257.0000068247318,237.28777427971363
238.99999563395977,236.41913476586342
219.99999883770943,251.1254451572895
251.99999929964542,247.58032494783401
234.00000400841236,214.53507289290428
181.99999729543924,210.6391611546278
236.9999926239252,251.075139015913
278.999992236495,241.7818266749382
230.99999949336052,242.47754280269146
289.9999928921461,274.09792587161064
299.00000643730164,253.2228487432003
256.00000531971455,249.61467096209526
218.99999733269215,229.09577530622482
197.99999752640724,259.3664942085743
276.00000362098217,258.58951553702354
255.00000381469727,223.44676449894905
225.9999999180436,275.8005121052265
251.99999929964542,269.6708582341671
209.99999968707561,223.79671335220337
233.00000250339508,211.28411005437374
244.00000315904617,228.84338602423668
224.99999841302633,263.4016700088978
259.9999954402447,253.89202854037285
251.99999929964542,254.75842621922493
267.00000597536564,274.398745149374
243.0000016540289,235.68778777122498
250.99999779462814,214.1687475144863
257.0000068247318,253.9969018995762
205.0000001117587,281.1655253469944
245.00000466406345,258.2589959204197
221.0000003427267,242.93786625564098
255.00000381469727,266.42951461672783
242.0000001490116,225.21452294290066
242.0000001490116,217.14326506853104
257.9999924302101,245.77690383791924
253.0000008046627,265.3916563093662
247.9999932795763,257.4558784067631
245.00000466406345,267.20891001820564
289.9999928921461,268.91016069054604
196.00000246614218,236.31176517903805
187.99999837577343,230.39071325957775
247.9999932795763,215.93831850588322
181.99999729543924,228.67273627221584
290.9999943971634,241.52051775157452
244.00000315904617,210.39834673702717
281.99999675154686,276.926390260458
251.99999929964542,225.80934059619904
212.99999625235796,225.63498625159264
174.00000115484,241.1319012194872
230.99999949336052,238.88275243341923
212.99999625235796,192.10163424909115
236.00000701844692,237.05664268136024
218.99999733269215,231.7008193731308
212.00000269711018,225.30398964881897
236.9999926239252,203.646464407444
237.9999941289425,225.15571054816246
274.0000006109476,247.79585909843445
203.99999860674143,222.23297779262066
253.0000008046627,252.72051870822906
309.00000558793545,214.4339041262865
235.00000551342964,229.41731168329716
227.99999497830868,246.4911747276783
251.99999929964542,236.99209055304527
260.99999694526196,245.53160575032234
281.99999675154686,238.77461966872215
223.99999690800905,252.90390399098396
311.9999942034483,271.2435770332813
270.99999609589577,223.61084774136543
227.99999497830868,247.78883150219917
260.99999694526196,256.53748923540115
268.0000074803829,246.5933133661747
247.9999932795763,245.99218359589577
277.00000512599945,259.06484815478325
276.00000362098217,251.90674850344658
260.99999694526196,250.71320191025734
249.99999628961086,233.77095524966717
257.9999924302101,252.00077837705612
201.00000204145908,260.4512879550457
246.00000616908073,245.6346029639244
247.9999932795763,219.09334352612495
242.0000001490116,250.33180376887321
229.99999798834324,235.16768205165863
278.999992236495,219.12992836534977
287.00000427663326,234.955200612545
240.99999864399433,271.0596829652786
200.0000005364418,257.7266793549061
268.9999930858612,241.84696708619595
229.99999798834324,221.749822601676
251.99999929964542,245.96954265236855
236.00000701844692,214.07522642612457
223.00000335276127,245.57777801156044
264.0000014603138,249.91882914304733
251.99999929964542,229.2931521832943
254.00000230967999,261.327384352684
232.0000009983778,259.0489168167114
223.99999690800905,244.9931837618351
244.00000315904617,221.75271631777287
240.99999864399433,232.16154031455517
289.0000072866678,253.68832364678383
229.99999798834324,238.63171461224556
229.99999798834324,274.83916237950325
292.99999740719795,245.37121120095253
225.9999999180436,232.8573041409254
236.9999926239252,247.19240799546242
278.999992236495,234.7597157806158
257.0000068247318,252.01073148846626
245.00000466406345,262.54519364237785
232.0000009983778,259.3533929884434
267.00000597536564,256.14232209324837
262.9999999552965,234.96515372395515
227.0000014230609,237.47131855785847
206.000001616776,254.44472831487656
170.00000308454037,247.6897455751896
224.99999841302633,219.6268525570631
250.99999779462814,202.95774407684803
248.99999478459358,240.45162354409695
197.00000397115946,240.88603074848652
209.99999968707561,227.65006202459335
247.00000767409801,216.34889230132103
196.00000246614218,235.15469212830067
257.0000068247318,241.0269006639719
251.99999929964542,217.88675931096077
265.0000029653311,264.6316583454609
235.00000551342964,247.34068709611893
249.99999628961086,240.49887697398663
268.9999930858612,238.09216375648975
280.9999952465296,258.1740923821926
257.9999924302101,258.4041587114334
255.00000381469727,273.931871086359
282.99999825656414,267.16191098093987
249.99999628961086,250.4734368622303
275.0000021159649,248.95604845881462
267.00000597536564,248.7853510081768
268.0000074803829,272.2523709833622
277.00000512599945,259.4229057729244
258.9999939352274,269.1601968407631
251.99999929964542,278.05875542759895
265.0000029653311,252.83795270323753
247.9999932795763,236.43067783117294
265.0000029653311,256.0823808312416
290.9999943971634,258.7407519519329
282.99999825656414,258.2935297191143
261.99999845027924,281.7775304019451
335.99999852478504,281.5057754814625
240.99999864399433,253.6528040766716
239.99999713897705,267.37839910387993
192.99999795109034,246.84643402695656
266.00000447034836,258.2442411482334
290.9999943971634,221.29805310070515
266.00000447034836,271.24020633101463
289.0000072866678,287.3418602645397
261.99999845027924,256.4739864766598
234.00000400841236,251.30542793869972
256.00000531971455,257.9955723583698
298.00000493228436,257.1716264486313
258.9999939352274,259.70400962233543
278.999992236495,292.53089740872383
285.0000012665987,276.7425279915333
281.99999675154686,266.69045785069466
256.00000531971455,253.9530191719532
250.99999779462814,267.5913257300854
257.0000068247318,268.7521828711033
248.99999478459358,258.3347413241863
245.00000466406345,271.6664411723614
292.99999740719795,271.1780709326267
288.00000578165054,250.84268775582314
251.99999929964542,256.2378783226013
238.99999563395977,269.8122369349003
265.0000029653311,266.2154750227928
219.99999883770943,250.35215517878532
310.999992698431,273.68962571024895
302.99999655783176,253.70428678393364
260.99999694526196,279.5945236980915
251.99999929964542,259.22091802954674
280.9999952465296,258.39735370874405
248.99999478459358,267.3681915998459
289.0000072866678,274.90772119164467
278.999992236495,268.0656089782715
309.00000558793545,293.7519502043724
212.00000269711018,266.63608142733574
248.99999478459358,262.9015659093857
247.00000767409801,239.49653823673725
251.99999929964542,270.5245680809021
257.9999924302101,261.8718799650669
202.99999710172415,273.6768742799759
254.00000230967999,280.4680443704128
212.00000269711018,234.68627581000328
201.00000204145908,244.24848115444183
237.9999941289425,237.75369437038898
258.9999939352274,243.5454989373684
240.99999864399433,252.07607859373093
267.00000597536564,271.3532838523388
247.00000767409801,265.5002501606941
255.00000381469727,261.497604817152
229.99999798834324,239.87516985833645
268.0000074803829,256.25737115740776
266.00000447034836,257.43037554621696
260.99999694526196,267.4826364815235
240.99999864399433,276.9278530180454
238.99999563395977,278.584839373827
237.9999941289425,251.2998313009739
230.99999949336052,237.25630909204483
222.000001847744,248.66063502430916
225.9999999180436,257.11054041981697
193.99999945610762,242.45542654395103
253.0000008046627,251.7594551742077
274.0000006109476,236.54664906859398
237.9999941289425,252.69816395640373
245.00000466406345,247.75048181414604
234.00000400841236,243.9957738816738
255.00000381469727,259.9042802155018
244.00000315904617,246.4705053269863
248.99999478459358,264.324415653944
264.0000014603138,263.6776224076748
276.00000362098217,255.79313641786575
230.99999949336052,247.69572380185127
219.99999883770943,263.22070145606995
268.0000074803829,255.96233931183815
223.99999690800905,241.97134917974472
235.00000551342964,273.3575161397457
250.99999779462814,253.82811239361763
289.9999928921461,247.91545543074608
247.00000767409801,241.38494238257408
242.0000001490116,267.32313230633736
240.99999864399433,261.5740498006344
247.00000767409801,251.80562743544579
236.00000701844692,257.2018355727196
285.0000012665987,263.83143454790115
232.0000009983778,247.81646490097046
272.9999991059303,253.13654604554176
233.00000250339508,242.44901902973652
247.00000767409801,272.13563656806946
235.00000551342964,245.98677775263786
223.00000335276127,259.5663832128048
246.00000616908073,257.83562299609184
236.9999926239252,241.60608907043934
235.00000551342964,238.0680918544531
235.00000551342964,241.75238072872162
228.99999648332596,252.97157242894173
258.9999939352274,244.83857664465904
224.99999841302633,247.39188361167908
285.0000012665987,266.8605193197727
238.99999563395977,241.31713084876537
238.99999563395977,251.24456450343132
236.9999926239252,242.16076038777828
233.00000250339508,257.7960649430752
268.9999930858612,246.47384423017502
281.99999675154686,250.79282680153847
259.9999954402447,273.9870742857456
235.00000551342964,267.1788280904293
217.00000227242708,244.55467447638512
290.9999943971634,244.3478850722313
299.00000643730164,248.06929937005043
291.9999959021807,272.4006818830967
257.0000068247318,286.2323904335499
346.99999918043613,289.83770629763603
285.0000012665987,258.52222868800163
264.0000014603138,274.76278099417686
303.99999806284904,270.1451096832752
245.00000466406345,274.1281667947769
240.99999864399433,283.4141335487366
281.99999675154686,263.46208825707436
265.0000029653311,266.3282027542591
250.99999779462814,269.59619399905205
236.9999926239252,247.64106118679047
258.9999939352274,255.67710158228874
248.99999478459358,261.03976169228554
209.99999968707561,259.1794520318508
254.00000230967999,262.43818974494934
261.99999845027924,248.61220502853394
257.0000068247318,256.249039798975
268.0000074803829,244.60866931080818
247.9999932795763,255.0194966495037
229.99999798834324,271.4321455657482
181.99999729543924,253.53193578124046
212.99999625235796,249.78123453259468
244.00000315904617,230.047028824687
289.0000072866678,234.32427510619164
242.0000001490116,234.49762777984142
234.00000400841236,268.86554658412933
251.99999929964542,261.28480538725853
272.9999991059303,242.7170216590166
308.00000408291817,256.5564414858818
296.0000019222498,273.81186136603355
236.9999926239252,274.4087618589401
214.99999926239252,254.57208362221718
202.00000354647636,251.37723025679588
287.00000427663326,253.0476994216442
298.00000493228436,230.0199519097805
258.9999939352274,279.46001359820366
236.9999926239252,290.4554351866245
242.0000001490116,254.89808776974678
238.99999563395977,232.42510697245598
256.00000531971455,252.9360210597515
251.99999929964542,263.45458367466927
261.99999845027924,255.18825435638428
240.99999864399433,260.76972392201424
278.00000663101673,270.2393621504307
247.00000767409801,245.49312886595726
245.00000466406345,246.079249471426
292.99999740719795,254.40132257342339
243.0000016540289,264.915147125721
209.99999968707561,271.8744707405567
288.00000578165054,256.49001321196556
277.00000512599945,244.81065705418587
223.00000335276127,265.0476538836956
240.99999864399433,238.61153809726238
232.0000009983778,245.51688277721405
218.00000377744436,266.05937334895134
287.00000427663326,239.64998468756676
229.99999798834324,240.3312799334526
281.99999675154686,278.95606181025505
249.99999628961086,235.4151265770197
235.00000551342964,236.8703000843525
200.0000005364418,253.41564655303955
262.9999999552965,260.82953798770905
228.99999648332596,223.51384465396404
235.00000551342964,258.98821237683296
257.9999924302101,245.89093533158302
236.00000701844692,233.69646590948105
212.99999625235796,228.014622554183
290.9999943971634,246.9637090265751
255.00000381469727,247.96191388368607
250.99999779462814,261.0210002362728
334.99999701976776,252.75899559259415
327.0000008791685,256.34093913435936
224.99999841302633,271.7283221781254
217.00000227242708,251.91406229138374
232.0000009983778,247.14159306883812
257.0000068247318,255.08233162760735
268.9999930858612,236.85923400521278
206.000001616776,257.025350689888
191.99999644607306,268.5772879421711
192.99999795109034,223.44617621600628
181.00000374019146,203.28263525664806
266.00000447034836,226.77266186475754
257.9999924302101,233.96492962539196
272.9999991059303,242.2352815270424
262.9999999552965,245.40364626049995
264.0000014603138,256.49287512898445
211.0000011920929,234.92422831058502
218.00000377744436,219.02317886054516
282.99999825656414,236.47201663255692
250.99999779462814,252.6116068661213
281.99999675154686,248.94199326634407
278.999992236495,242.90600357949734
310.0000070929527,262.75150606036186
234.00000400841236,241.3967557400465
212.00000269711018,235.95063894987106
329.0000038892031,250.70471155643463
279.9999937415123,252.5388505756855
283.9999997615814,270.71663451194763
268.9999930858612,261.84523233771324
265.0000029653311,269.39576441049576
285.0000012665987,240.6121929883957
185.00000181049109,221.18953874707222
214.99999926239252,272.2161836326122
217.00000227242708,241.17331951856613
148.9999993033707,222.30088472366333
217.00000227242708,227.8010758459568
209.99999968707561,198.38793037831783
238.99999563395977,212.23382131755352
211.0000011920929,196.79602083563805
234.00000400841236,244.06961134076118
230.99999949336052,242.88482539355755
185.00000181049109,223.05914963781834
200.0000005364418,228.2715273052454
209.99999968707561,211.54118970036507
170.00000308454037,200.3330163806677
170.99999663978815,187.86276945471764
217.00000227242708,204.83171144127846
176.99999772012234,218.6571078747511
208.99999818205833,221.195278480649
217.00000227242708,211.51411278545856
213.99999775737524,232.48269510269165
184.0000003054738,213.2144571840763
187.99999837577343,196.45934809744358
205.0000001117587,214.66300058364868
225.9999999180436,230.18961589038372
246.00000616908073,217.29644122719765
217.00000227242708,238.97563754022121
272.9999991059303,252.87477603554726
217.00000227242708,213.41447338461876
258.9999939352274,215.69777438044548
216.0000007674098,226.60861042141914
218.99999733269215,264.17677253484726
187.99999837577343,228.14194606244564
209.99999968707561,241.96406719088554
253.0000008046627,225.79282097518444
182.99999880045652,211.91112427413464
165.99999706447124,210.02450087666512
212.00000269711018,207.33002190291882
192.99999795109034,218.6645647585392
147.0000002682209,226.32419946789742
211.0000011920929,225.16854147613049
250.99999779462814,197.78179225325584
209.99999968707561,207.41087105870247
188.9999998807907,204.3180927336216
266.00000447034836,220.53743505477905
218.00000377744436,229.76625886559486
233.00000250339508,251.3833992779255
202.99999710172415,234.3545319288969
228.99999648332596,246.1517195701599
237.9999941289425,208.9717447012663
188.9999998807907,205.27204917371273
224.99999841302633,232.43342243134975
197.99999752640724,226.00372835993767
186.99999687075615,224.03563572466373
232.0000009983778,212.72328862547874
261.99999845027924,207.76070861518383
208.99999818205833,217.05969709157944
186.99999687075615,214.38811345398426
191.00000289082527,207.17237797379494
196.00000246614218,211.65854419767857
186.99999687075615,192.42798818647861
209.99999968707561,201.50298395752907
229.99999798834324,201.7303791642189
166.99999856948853,206.26286074519157
187.99999837577343,204.15628312528133
205.0000001117587,194.44665725529194
212.99999625235796,221.76354390382767
214.99999926239252,200.39658273756504
208.99999818205833,208.37354044616222
281.99999675154686,214.0219947695732
195.0000009611249,202.6601524055004
192.99999795109034,224.05442897975445
228.99999648332596,203.96771459281445
195.0000009611249,215.76905201375484
244.00000315904617,216.79756139218807
229.99999798834324,202.27522456645966
264.0000014603138,234.80350311100483
216.0000007674098,220.83534471690655
201.00000204145908,224.3673955053091
221.0000003427267,216.46286019682884
227.99999497830868,220.97301882505417
203.99999860674143,212.5417953878641
257.0000068247318,222.76893535256386
275.0000021159649,212.80817626416683
227.99999497830868,234.36903230845928
224.99999841302633,228.53372660279274
207.00000312179327,223.05170865356922
251.99999929964542,234.50572064518929
236.9999926239252,205.82342928647995
248.99999478459358,237.87575513124466
258.9999939352274,234.2413272112608
207.99999667704105,231.66706465184689
174.00000115484,223.3199974745512
222.000001847744,214.9672700613737
245.00000466406345,209.3446365892887
186.00000331550837,214.45778523385525
236.9999926239252,234.11257274448872
242.0000001490116,203.19809740781784
232.0000009983778,225.04792757332325
191.00000289082527,215.8715563416481
190.000001385808,226.121480345726
249.99999628961086,217.48438967764378
228.99999648332596,196.42958416044712
206.000001616776,243.23017928004265
214.99999926239252,235.49443347752094
175.00000265985727,216.46136564016342
193.99999945610762,210.32592433691025
143.9999997280538,197.07896903157234
